<?xml version="1.0" encoding="UTF-8"?>
<project-private xmlns="http://www.netbeans.org/ns/project-private/1">
    <editor-bookmarks xmlns="http://www.netbeans.org/ns/editor-bookmarks/2" lastBookmarkId="1">
        <file>
            <url>src/com/cinema/helper/JdbcHelper.java</url>
            <bookmark id="1">
                <name/>
                <line>0</line>
                <key/>
            </bookmark>
        </file>
    </editor-bookmarks>
    <open-files xmlns="http://www.netbeans.org/ns/projectui-open-files/2">
        <group>
            <file>file:/C:/Users/thanh/Documents/NetBeansProjects/DuAnMot/src/cinema/QuanLyPhim.java</file>
            <file>file:/C:/Users/thanh/Documents/NetBeansProjects/DuAnMot/src/com/cinema/controll/PhimControllUpdate.java</file>
            <file>file:/C:/Users/thanh/Documents/NetBeansProjects/DuAnMot/src/com/cinema/controll/PhimControllInsert.java</file>
            <file>file:/C:/Users/thanh/Documents/NetBeansProjects/DuAnMot/src/com/cinema/dao/PhimDAO.java</file>
            <file>file:/C:/Users/thanh/Documents/NetBeansProjects/DuAnMot/src/cinema/QuanLyNhanVien.java</file>
            <file>file:/C:/Users/thanh/Documents/NetBeansProjects/DuAnMot/src/com/cinema/dialog/AvatarDialog.java</file>
        </group>
    </open-files>
</project-private>
